window_id,n_features_drifted,n_features_total,pct_features_drifted,avg_effect_size,max_effect_feature,max_effect_size,top5_drifting_features
1,15,32,46.9,0.1141,tenure,0.873,"[{""feature"": ""tenure"", ""effect_size"": 0.8729609929078014, ""p_value"": 5.0468970800723215e-177}, {""feature"": ""PaymentMethod_Mailed check"", ""effect_size"": 0.5867807059961315, ""p_value"": 4.651321006924447e-81}, {""feature"": ""cpi_mom_pct_change"", ""effect_size"": 0.39408849129593815, ""p_value"": 1.4404365510794602e-37}, {""feature"": ""SeniorCitizen"", ""effect_size"": 0.18667190522243715, ""p_value"": 1.3106154416018267e-09}, {""feature"": ""TechSupport_Yes"", ""effect_size"": 0.16544769503546108, ""p_value"": 7.600346252589044e-08}]"
2,19,32,59.4,0.158,tenure,0.8684,"[{""feature"": ""tenure"", ""effect_size"": 0.8684235976789169, ""p_value"": 3.2889057336037686e-175}, {""feature"": ""cpi_mom_pct_change"", ""effect_size"": 0.6660702772404901, ""p_value"": 6.322895431803292e-104}, {""feature"": ""PaymentMethod_Mailed check"", ""effect_size"": 0.538745164410058, ""p_value"": 1.26468336510472e-68}, {""feature"": ""Contract_Two year"", ""effect_size"": 0.4526132333978079, ""p_value"": 5.71592817511575e-49}, {""feature"": ""TotalCharges"", ""effect_size"": 0.38723202772404897, ""p_value"": 2.6027550657889875e-36}]"
3,19,32,59.4,0.1721,tenure,0.8738,"[{""feature"": ""tenure"", ""effect_size"": 0.8738193101225016, ""p_value"": 2.284256536898331e-177}, {""feature"": ""Contract_Two year"", ""effect_size"": 0.5972860251450677, ""p_value"": 6.420876808975953e-84}, {""feature"": ""cpi_mom_pct_change"", ""effect_size"": 0.5611621534493875, ""p_value"": 2.542559253571993e-74}, {""feature"": ""PaymentMethod_Mailed check"", ""effect_size"": 0.496965667311412, ""p_value"": 1.1461615571145289e-58}, {""feature"": ""TotalCharges"", ""effect_size"": 0.4000685041908446, ""p_value"": 1.2134749177949936e-38}]"
4,18,32,56.2,0.2009,tenure,0.891,"[{""feature"": ""tenure"", ""effect_size"": 0.8909652431970223, ""p_value"": 1.9153042015068397e-184}, {""feature"": ""Contract_Two year"", ""effect_size"": 0.7390493435943866, ""p_value"": 1.5333431933514147e-127}, {""feature"": ""cpi_mom_pct_change"", ""effect_size"": 0.613699512096977, ""p_value"": 1.414404729980372e-88}, {""feature"": ""PaymentMethod_Mailed check"", ""effect_size"": 0.4388270207736029, ""p_value"": 3.605159390107772e-46}, {""feature"": ""TotalCharges"", ""effect_size"": 0.39880086514762836, ""p_value"": 1.9567492772931175e-38}]"
5,18,32,56.2,0.2154,tenure,0.9014,"[{""feature"": ""tenure"", ""effect_size"": 0.9014446324951644, ""p_value"": 1.257676756681068e-188}, {""feature"": ""Contract_Two year"", ""effect_size"": 0.8167210670535139, ""p_value"": 3.3282026844951736e-155}, {""feature"": ""cpi_mom_pct_change"", ""effect_size"": 0.5383139909735655, ""p_value"": 1.542945871138829e-68}, {""feature"": ""Contract_One year"", ""effect_size"": 0.41561694068343, ""p_value"": 1.4426614602785325e-41}, {""feature"": ""OnlineBackup_Yes"", ""effect_size"": 0.4109767891682785, ""p_value"": 1.1058737862401405e-40}]"
6,19,32,59.4,0.2431,tenure,0.9062,"[{""feature"": ""tenure"", ""effect_size"": 0.9062399258542876, ""p_value"": 1.2865294680863115e-190}, {""feature"": ""Contract_Two year"", ""effect_size"": 0.8436029174725983, ""p_value"": 1.8774542398694661e-165}, {""feature"": ""cpi_mom_pct_change"", ""effect_size"": 0.5483014990328821, ""p_value"": 4.918551721001947e-71}, {""feature"": ""Contract_One year"", ""effect_size"": 0.5389768697614442, ""p_value"": 1.1069765171387776e-68}, {""feature"": ""DeviceProtection_Yes"", ""effect_size"": 0.49107027724049, ""p_value"": 7.54596589106629e-59}]"
7,20,32,62.5,0.2753,tenure,0.9121,"[{""feature"": ""tenure"", ""effect_size"": 0.9120809155383623, ""p_value"": 4.68797721414073e-193}, {""feature"": ""Contract_Two year"", ""effect_size"": 0.8857591876208898, ""p_value"": 3.426988743843197e-182}, {""feature"": ""cpi_mom_pct_change"", ""effect_size"": 0.693205996131528, ""p_value"": 2.0802872208160104e-112}, {""feature"": ""Contract_One year"", ""effect_size"": 0.6158909574468086, ""p_value"": 4.1389151071466806e-89}, {""feature"": ""OnlineBackup_Yes"", ""effect_size"": 0.5862125241779497, ""p_value"": 6.613230319830449e-81}]"
8,20,32,62.5,0.2906,Contract_Two year,0.9248,"[{""feature"": ""Contract_Two year"", ""effect_size"": 0.924810606060606, ""p_value"": 2.0077891751283236e-198}, {""feature"": ""tenure"", ""effect_size"": 0.9225902643455834, ""p_value"": 1.752227722943951e-197}, {""feature"": ""Contract_One year"", ""effect_size"": 0.7175773694390716, ""p_value"": 2.860292190176079e-120}, {""feature"": ""DeviceProtection_Yes"", ""effect_size"": 0.655276837524178, ""p_value"": 1.0314127098090489e-105}, {""feature"": ""cpi_mom_pct_change"", ""effect_size"": 0.5856886686009026, ""p_value"": 8.59861010442453e-81}]"
9,20,32,62.5,0.3129,Contract_Two year,0.9256,"[{""feature"": ""Contract_Two year"", ""effect_size"": 0.9255610884764348, ""p_value"": 6.852773530910291e-199}, {""feature"": ""tenure"", ""effect_size"": 0.9215693375584729, ""p_value"": 3.3420462147734307e-197}, {""feature"": ""DeviceProtection_Yes"", ""effect_size"": 0.8149549821437554, ""p_value"": 3.2037699310711216e-167}, {""feature"": ""Contract_One year"", ""effect_size"": 0.7576178260650872, ""p_value"": 5.5959159913808555e-134}, {""feature"": ""OnlineBackup_Yes"", ""effect_size"": 0.6925305568130375, ""p_value"": 3.0392353610456704e-112}]"
