feature,1,2,3,4,5,6,7,8,9
Contract_One year,0.04119922630560924,0.09436855254674403,0.2070176499032882,0.388968361752427,0.41561694068343,0.5389768697614442,0.6158909574468086,0.7175773694390716,0.7576178260650872
Contract_Two year,0.15945357833655704,0.4526132333978079,0.5972860251450677,0.7390493435943866,0.8167210670535139,0.8436029174725983,0.8857591876208898,0.924810606060606,0.9255610884764348
Dependents,0.04214216634429402,0.12371050934880723,0.13801378143133458,0.18812132186509734,0.20114240812379114,0.2639506769825919,0.3541283849129594,0.49045776918117345,0.5128655500226347
DeviceProtection_No internet service,0.0,0.0,0.0,0.0,0.0,0.0,0.0,0.0,0.0
DeviceProtection_Yes,0.055712040618955516,0.09462242101869767,0.13968205996131533,0.2656707409084049,0.40647969052224364,0.49107027724049,0.5763882172791748,0.655276837524178,0.8149549821437554
InternetService_Fiber optic,0.0,0.0,0.0,0.0,0.0,0.0,0.0,0.0,0.0
InternetService_No,0.0,0.0,0.0,0.0,0.0,0.0,0.0,0.0,0.0
MonthlyCharges,0.013074226305609282,0.013404658284977389,0.030802707930367434,0.05180021125697909,0.13226950354609923,0.1438688749194068,0.19076603803997427,0.18347840103159263,0.3059906443337861
MultipleLines_No phone service,0.0,0.0,0.0,0.0,0.0,0.0,0.0,0.0,0.0
MultipleLines_Yes,0.05302022888459057,0.11399298839458405,0.19339136041263694,0.1991992354509331,0.2948460670535138,0.2925209542230818,0.3838088330109606,0.3900689071566732,0.4365273376590715
OnlineBackup_No internet service,0.0,0.0,0.0,0.0,0.0,0.0,0.0,0.0,0.0
OnlineBackup_Yes,0.019457205029013602,0.13244277885235334,0.21640272404900063,0.36568985463507875,0.4109767891682785,0.4872602353320439,0.5862125241779497,0.5532438749194069,0.6925305568130375
OnlineSecurity_No internet service,0.0,0.0,0.0,0.0,0.0,0.0,0.0,0.0,0.0
OnlineSecurity_Yes,0.13576724693745967,0.1823057704706641,0.2221933430045132,0.25773150243951515,0.2567718407479046,0.28657116376531266,0.352419809800129,0.390987669245648,0.4583189980383281
PaperlessBilling,0.10587927143778209,0.23217682140554485,0.2476849613152805,0.3409104169810371,0.2798033526756931,0.30704182785299805,0.27318262411347516,0.2684175531914894,0.2226145566118405
Partner,0.09977232430689886,0.06533083494519665,0.02081519987105096,0.08760525124490715,0.16224411669890393,0.29150145067698263,0.3781552224371373,0.5251088007736944,0.6536632966148583
PaymentMethod_Credit card (automatic),0.1482108317214701,0.23473766924564798,0.25639506769825915,0.30556611840450687,0.39115892972275956,0.4270228884590588,0.5046925370728563,0.5300773694390715,0.6461928474422816
PaymentMethod_Electronic check,0.12302143778207608,0.1388559800128949,0.10353803997421018,0.11266435289975352,0.02928554158607355,0.07612830431979367,0.10453135074145714,0.13658728239845264,0.08293948996529354
PaymentMethod_Mailed check,0.5867807059961315,0.538745164410058,0.496965667311412,0.4388270207736029,0.34658083494519665,0.31943302707930366,0.3088833816892328,0.21770833333333328,0.08254715557567527
PhoneService,0.06381366860090265,0.05793238233397813,0.08420172469374598,0.027918112770987324,0.0006145228884590903,0.05153529980657634,0.10819431012250158,0.1350942940038684,0.2069392887681707
SeniorCitizen,0.18667190522243715,0.12410743068987751,0.052675693101224996,0.04380262562245363,0.007003546099290769,0.02870124113475181,0.05033647646679551,0.01881850419084463,0.035247723957547494
StreamingMovies_No internet service,0.0,0.0,0.0,0.0,0.0,0.0,0.0,0.0,0.0
StreamingMovies_Yes,0.12077087362991623,0.1386746453900709,0.2024742101869761,0.29494693425884,0.38346631205673765,0.433579142488717,0.46871171824629276,0.529362105093488,0.5840651878678136
StreamingTV_No internet service,0.0,0.0,0.0,0.0,0.0,0.0,0.0,0.0,0.0
StreamingTV_Yes,0.1020651998710509,0.10680004835589951,0.12460307865892983,0.14863638649967315,0.23921864925854286,0.27774419729206956,0.30653006125080595,0.3795676176660219,0.5735425783411296
TechSupport_No internet service,0.0,0.0,0.0,0.0,0.0,0.0,0.0,0.0,0.0
TechSupport_Yes,0.16544769503546108,0.25022969052224364,0.25717480657640235,0.2521925456465972,0.2896256447453256,0.32872743391360415,0.3227313023855578,0.31019906511927786,0.2962567275287964
TotalCharges,0.1495829303675048,0.38723202772404897,0.4000685041908446,0.39880086514762836,0.3721631205673759,0.38384711476466793,0.38470543197936813,0.3800652804642166,0.36226547960364164
cpi_mom_pct_change,0.39408849129593815,0.6660702772404901,0.5611621534493875,0.613699512096977,0.5383139909735655,0.5483014990328821,0.693205996131528,0.5856886686009026,0.4281152859514109
gender_Male,0.012322695035461018,0.038779416505480446,0.07975096711798835,0.017308988481464782,0.016060203094777625,0.05258704061895547,0.049768294648613765,0.053846308833011,0.011013530506513769
india_cpi,0.0,0.0,0.0,0.0,0.0,0.0,0.0,0.0,0.0
tenure,0.8729609929078014,0.8684235976789169,0.8738193101225016,0.8909652431970223,0.9014446324951644,0.9062399258542876,0.9120809155383623,0.9225902643455834,0.9215693375584729
